image_size,feature_extractor,accuracy,f1_score_weighted
128,HIST,0.9536642375910903,0.9364084188810674
128,LBP,0.9076034648700674,0.9198130537088941
128,HOG,0.9450020624226592,0.9186550954190682
