image_size,feature_extractor,accuracy,f1_score_weighted
128,HIST,0.9536642375910903,0.9364084188810674
128,HOG,0.9462395160181494,0.9243163926490021
128,LBP,0.875429671387323,0.9036629835937405
