image_size,feature_extractor,accuracy,f1_score_weighted
128,HIST,0.9510518355561667,0.9326984204108373
128,HOG,0.9444520830468858,0.9174715540162718
128,LBP,0.8157569091159081,0.8724667588381578
